{
  "accuracy": 0.9992147624656459,
  "precision": 0.9992784992784993,
  "recall": 0.9992784992784993,
  "f1": 0.9992784992784993
}