,precision,recall,f1-score,support
Normal,0.9982758620689656,0.9974160206718347,0.997845756139595,1161.0
Fraud,0.9978370583994232,0.9985569985569985,0.998196898665705,1386.0
accuracy,0.9980369061641147,0.9980369061641147,0.9980369061641147,0.9980369061641147
macro avg,0.9980564602341944,0.9979865096144166,0.99802132740265,2547.0
weighted avg,0.9980370784466704,0.9980369061641147,0.9980368372315419,2547.0
