{
  "accuracy": 0.9980369061641147,
  "precision": 0.9978370583994232,
  "recall": 0.9985569985569985,
  "f1": 0.998196898665705
}