{
  "accuracy": 0.9972516686297606,
  "precision": 0.9978339350180505,
  "recall": 0.9971139971139971,
  "f1": 0.997473836160231
}