,precision,recall,f1-score,support
Normal,0.9965576592082617,0.9974160206718347,0.9969866551872578,1161.0
Fraud,0.9978339350180505,0.9971139971139971,0.997473836160231,1386.0
accuracy,0.9972516686297606,0.9972516686297606,0.9972516686297606,0.9972516686297606
macro avg,0.9971957971131561,0.9972650088929158,0.9972302456737444,2547.0
weighted avg,0.9972521697195955,0.9972516686297606,0.9972517642679569,2547.0
