Model,Accuracy,Precision,Recall,F1-score
Chinese-RoBERTa,0.9984295249312917,0.9978386167146974,0.9992784992784993,0.9985580389329488
C2L-Chinese-RoBERTa,0.9996073812328229,0.9992790194664743,1.0,0.999639379733141
