Model,Accuracy,Precision,Recall,F1-score
Chinese-RoBERTa,0.9972516686297606,0.9978339350180505,0.9971139971139971,0.997473836160231
C2L-Chinese-RoBERTa,0.9984295249312917,0.9992774566473989,0.9978354978354979,0.9985559566787003
