Model,Accuracy,Precision,Recall,F1-score
Chinese-RoBERTa,0.9980369061641147,0.9978370583994232,0.9985569985569985,0.998196898665705
C2L-Chinese-RoBERTa,0.9992147624656459,0.9992784992784993,0.9992784992784993,0.9992784992784993
