,precision,recall,f1-score,support
Normal,0.9991386735572783,0.9991386735572783,0.9991386735572783,1161.0
Fraud,0.9992784992784993,0.9992784992784993,0.9992784992784993,1386.0
accuracy,0.9992147624656459,0.9992147624656459,0.9992147624656459,0.9992147624656459
macro avg,0.9992085864178888,0.9992085864178888,0.9992085864178888,2547.0
weighted avg,0.9992147624656459,0.9992147624656459,0.9992147624656459,2547.0
