{
  "accuracy": 0.9996073812328229,
  "precision": 0.9992790194664743,
  "recall": 1.0,
  "f1": 0.999639379733141
}