,precision,recall,f1-score,support
Normal,1.0,0.9991386735572783,0.999569151227919,1161.0
Fraud,0.9992790194664743,1.0,0.999639379733141,1386.0
accuracy,0.9996073812328229,0.9996073812328229,0.9996073812328229,0.9996073812328229
macro avg,0.9996395097332371,0.9995693367786391,0.9996042654805299,2547.0
weighted avg,0.9996076643033112,0.9996073812328229,0.9996073674463084,2547.0
