,precision,recall,f1-score,support
Normal,0.9974204643164231,0.9991386735572783,0.9982788296041308,1161.0
Fraud,0.9992774566473989,0.9978354978354979,0.9985559566787003,1386.0
accuracy,0.9984295249312917,0.9984295249312917,0.9984295249312917,0.9984295249312917
macro avg,0.9983489604819109,0.9984870856963881,0.9984173931414155,2547.0
weighted avg,0.9984309831113709,0.9984295249312917,0.9984296337365821,2547.0
