{
  "accuracy": 0.9984295249312917,
  "precision": 0.9992774566473989,
  "recall": 0.9978354978354979,
  "f1": 0.9985559566787003
}