,precision,recall,f1-score,support
Normal,0.999137187230371,0.9974160206718347,0.9982758620689656,1161.0
Fraud,0.9978386167146974,0.9992784992784993,0.9985580389329488,1386.0
accuracy,0.9984295249312917,0.9984295249312917,0.9984295249312917,0.9984295249312917
macro avg,0.9984879019725342,0.998347259975167,0.9984169505009572,2547.0
weighted avg,0.9984305446176016,0.9984295249312917,0.9984294141433593,2547.0
