{
  "accuracy": 0.9984295249312917,
  "precision": 0.9978386167146974,
  "recall": 0.9992784992784993,
  "f1": 0.9985580389329488
}